tags,account_holder_name,dob,gender,email,phone,address,zip_code,account_type,balance,services,marketing_opt_in,updated_account_holder_name,updated_dob,updated_gender,updated_email,updated_phone,updated_address,updated_zip_code,updated_account_type,updated_balance,updated_status,updated_services,updated_marketing_opt_in
smoke;regression;sit,John Doe,1999-08-10,Male,john.doe@example.com,+1-555-0199,"123 Main St, New York, NY",576225,Savings,1000.50,"Internet Banking,Debit Card",true,John Doe Updated,1990-01-21,Female,john.new@example.com,+1-555-0199,"456 New Ave, New York, NY",566006,Current,5000.00,Inactive,"Internet Banking",false
regression,Alice Smith,1988-03-15,Female,alice.smith@example.com,+1-555-0201,"78 Park Lane, Chicago, IL",60616,Current,25000.75,"Internet Banking,SMS Alerts",false,Alice Johnson,1988-03-15,Female,alice.johnson@example.com,+1-555-0201,"90 Lake View Rd, Chicago, IL",60618,Current,27000.00,Closed,"Internet Banking,Cheque Book",true
regression,Ravi Kumar,1992-11-02,Male,ravi.kumar@example.com,+91-9876543210,"12 MG Road, Bengaluru, KA",560001,Savings,150000.00,"Cheque Book,Internet Banking,Debit Card",true,Ravi K.,1992-11-02,Male,ravi.k@example.com,+91-9876543210,"22 Brigade Rd, Bengaluru, KA",560025,Savings,175000.00,Inactive,"Cheque Book,Internet Banking",false
regression,Meera Iyer,1985-07-19,Female,meera.iyer@example.com,+91-9123456780,"45 Anna Salai, Chennai, TN",600002,Salary,85000.25,Internet Banking,false,Meera Iyer,1985-07-19,Female,meera.iyer@example.com,+91-9123456780,"45 Anna Salai, Chennai, TN",600002,Salary,90000.00,Closed,"Internet Banking,Debit Card",true
regression,David Brown,1979-12-05,Male,david.brown@example.com,+1-555-0303,"500 Elm St, Dallas, TX",75201,Current,120000.00,"Internet Banking,SMS Alerts",true,David Brown Jr,1979-12-05,Male,david.brownjr@example.com,+1-555-0303,"700 Oak St, Dallas, TX",75202,Current,118000.00,Inactive,"Internet Banking,Cheque Book",false